DrugBank_ID,Drug_Name,Formula,Frequency,Mean_Energy,Best_Energy,Mean_Rank,Files_Found
DB13952,Estradiol acetate,C20H26O3,8,-9.75,-9.9,10.125,"EM1, EM2, EM3, M1, M2, M3, M4, M5"
DB15465,Benzhydrocodone,C25H25NO4,8,-9.225,-9.6,24.125,"EM1, EM2, EM3, M1, M2, M3, M4, M5"
DB11760,Talazoparib,C19H14F2N6O,8,-9.1875,-9.3,29.125,"EM1, EM2, EM3, M1, M2, M3, M4, M5"
DB00783,Estradiol,C18H24O2,8,-9.175,-9.4,34,"EM1, EM2, EM3, M1, M2, M3, M4, M5"
DB00655,Estrone,C18H22O2,8,-9.1625,-9.2,27.875,"EM1, EM2, EM3, M1, M2, M3, M4, M5"
DB11791,Capmatinib,C23H17FN6O,8,-9.075,-9.1,35,"EM1, EM2, EM3, M1, M2, M3, M4, M5"
DB00685,Trovafloxacin,C20H15F3N4O3,8,-9.0625,-9.1,34.625,"EM1, EM2, EM3, M1, M2, M3, M4, M5"
DB11942,Selinexor,C17H11F6N7O,8,-9,-9,40.125,"EM1, EM2, EM3, M1, M2, M3, M4, M5"
DB01392,Yohimbine,C21H26N2O3,8,-8.9875,-9.3,34.875,"EM1, EM2, EM3, M1, M2, M3, M4, M5"
DB00734,Risperidone,C23H27FN4O2,8,-8.7875,-9.3,60.75,"EM1, EM2, EM3, M1, M2, M3, M4, M5"
DB11793,Niraparib,C19H20N4O,8,-8.7875,-9.1,55.75,"EM1, EM2, EM3, M1, M2, M3, M4, M5"
DB00363,Clozapine,C18H19ClN4,8,-8.7375,-8.9,59,"EM1, EM2, EM3, M1, M2, M3, M4, M5"
DB13953,Estradiol benzoate,C25H28O3,7,-10.18571429,-10.3,2,"EM1, EM2, EM3, M1, M3, M4, M5"
DB01117,Atovaquone,C22H19ClO3,7,-9.971428571,-10.1,4.571428571,"EM1, EM2, EM3, M2, M3, M4, M5"
DB01100,Pimozide,C28H29F2N3O,7,-9.771428571,-10.1,7.142857143,"EM1, EM2, EM3, M2, M3, M4, M5"
DB00619,Imatinib,C29H31N7O,7,-9.757142857,-10,10.85714286,"EM1, EM2, EM3, M1, M3, M4, M5"
DB04574,Estrone sulfate,C18H22O5S,7,-9.671428571,-10.1,17.85714286,"EM1, EM2, EM3, M1, M3, M4, M5"
DB13766,Lidoflazine,C30H35F2N3O,7,-9.542857143,-9.7,16.14285714,"EM1, EM2, EM3, M1, M3, M4, M5"
DB09280,Lumacaftor,C24H18F2N2O5,7,-9.342857143,-9.9,17.57142857,"EM1, EM2, M1, M2, M3, M4, M5"
DB05812,Abiraterone,C24H31NO,7,-9.2,-9.6,27,"EM1, EM2, EM3, M1, M3, M4, M5"
DB06144,Sertindole,C24H26ClFN4O,7,-9.171428571,-9.5,25.85714286,"EM2, EM3, M1, M2, M3, M4, M5"
DB04794,Bifonazole,C22H18N2,7,-9.114285714,-9.2,33.28571429,"EM1, EM3, M1, M2, M3, M4, M5"
DB00967,Desloratadine,C19H19ClN2,7,-9.057142857,-9.2,40.14285714,"EM1, EM2, EM3, M1, M2, M4, M5"
DB12001,Abemaciclib,C27H32F2N8,7,-9.042857143,-9.2,33.71428571,"EM1, EM2, M1, M2, M3, M4, M5"
DB01267,Paliperidone,C23H27FN4O3,7,-8.985714286,-9.4,39.28571429,"EM1, EM2, EM3, M1, M3, M4, M5"
DB12020,Tecovirimat,C19H15F3N2O3,7,-8.857142857,-9,47.28571429,"EM1, EM2, EM3, M2, M3, M4, M5"
DB00486,Nabilone,C24H36O3,7,-8.8,-8.9,55.71428571,"EM1, EM3, M1, M2, M3, M4, M5"
DB14723,Larotrectinib,C21H22F2N6O2,7,-8.8,-9,56.71428571,"EM1, EM2, EM3, M1, M3, M4, M5"
DB05016,Ataluren,C15H9FN2O3,7,-8.571428571,-8.8,78.57142857,"EM2, EM3, M1, M2, M3, M4, M5"
DB00693,Fluorescein,C20H12O5,7,-8.542857143,-8.9,83,"EM1, EM3, M1, M2, M3, M4, M5"
DB04842,Fluspirilene,C29H31F2N3O,6,-9.75,-9.8,8,"EM1, EM2, EM3, M1, M2, M3"
DB01395,Drospirenone,C24H30O3,6,-9.633333333,-10.4,14.66666667,"EM1, EM2, EM3, M2, M4, M5"
DB00307,Bexarotene,C24H28O2,6,-9.25,-9.7,26.33333333,"EM2, EM3, M1, M2, M3, M5"
DB04573,Estriol,C18H24O3,6,-9.116666667,-9.2,25.5,"EM1, M1, M2, M3, M4, M5"
DB08815,Lurasidone,C28H36N4O2S,6,-9.083333333,-9.7,33.16666667,"EM1, EM2, M1, M2, M4, M5"
DB04575,Quinestrol,C25H32O2,6,-8.983333333,-9.5,52,"EM1, EM2, EM3, M1, M4, M5"
DB08883,Perampanel,C23H15N3O,6,-8.766666667,-9,64,"EM1, EM2, EM3, M1, M3, M4"
DB00525,Tolnaftate,C19H17NOS,6,-8.6,-8.8,78.5,"EM1, EM2, M1, M2, M4, M5"
DB14914,Flortaucipir F-18,C16H10FN3,6,-8.6,-8.6,68.66666667,"EM3, M1, M2, M3, M4, M5"
DB04868,Nilotinib,C28H22F3N7O,5,-9.58,-9.9,12.4,"EM1, EM3, M1, M3, M5"
DB12978,Pexidartinib,C20H15ClF3N5,5,-9.42,-9.5,11.6,"M1, M2, M3, M4, M5"
DB11614,Rupatadine,C26H26ClN3,5,-9.4,-9.9,27.4,"EM1, EM3, M1, M3, M4"
DB15035,Zanubrutinib,C27H29N5O3,5,-9.32,-9.8,28,"EM1, EM3, M3, M4, M5"
DB11799,Bictegravir,C21H18F3N3O5,5,-9.26,-9.3,25.4,"EM1, EM2, EM3, M1, M5"
DB09291,Rolapitant,C25H26F6N2O2,5,-9.08,-9.6,36.6,"EM2, EM3, M1, M2, M5"
DB09074,Olaparib,C24H23FN4O3,5,-9.02,-9.7,48.4,"EM1, EM3, M1, M3, M5"
DB09488,Acrivastine,C22H24N2O2,5,-9,-9,29.2,"M1, M2, M3, M4, M5"
DB06210,Eltrombopag,C25H22N4O4,5,-8.98,-9.1,48.2,"EM1, EM2, EM3, M3, M4"
DB11951,Lemborexant,C22H20F2N4O2,5,-8.96,-9,38.6,"EM2, EM3, M2, M4, M5"
DB13520,Metergoline,C25H29N3O2,5,-8.9,-9.1,49.4,"EM2, EM3, M1, M3, M5"
DB00209,Trospium,C25H30NO3,5,-8.86,-8.9,36,"M1, M2, M3, M4, M5"
DB09143,Sonidegib,C26H26F3N3O3,5,-8.86,-8.9,45.6,"EM2, EM3, M2, M4, M5"
DB01609,Deferasirox,C21H15N3O4,5,-8.84,-8.9,49.8,"EM2, EM3, M1, M4, M5"
DB00735,Naftifine,C21H21N,5,-8.8,-8.8,41.2,"M1, M2, M3, M4, M5"
DB00719,Azatadine,C20H22N2,5,-8.72,-8.8,55.2,"EM3, M1, M2, M4, M5"
DB00670,Pirenzepine,C19H21N5O2,5,-8.7,-8.7,48.4,"M1, M2, M3, M4, M5"
DB12401,Bromperidol,C21H23BrFNO2,5,-8.7,-8.7,50,"M1, M2, M3, M4, M5"
DB00941,Hexafluronium,C36H42N2,5,-8.66,-8.8,62.2,"EM1, M1, M2, M3, M5"
DB00425,Zolpidem,C19H21N3O,5,-8.6,-8.6,60,"M1, M2, M3, M4, M5"
DB00714,Apomorphine,C17H17NO2,5,-8.6,-8.6,63,"M1, M2, M3, M4, M5"
DB00715,Paroxetine,C19H20FNO3,5,-8.6,-8.6,65.2,"M1, M2, M3, M4, M5"
DB00924,Cyclobenzaprine,C20H21N,5,-8.58,-8.6,63.4,"M1, M2, M3, M4, M5"
DB00470,Dronabinol,C21H30O2,5,-8.5,-8.5,74,"M1, M2, M3, M4, M5"
DB00731,Nateglinide,C19H27NO3,5,-8.5,-8.5,79.4,"M1, M2, M3, M4, M5"
DB01025,Amlexanox,C16H14N2O4,5,-8.42,-8.5,80.2,"M1, M2, M3, M4, M5"
DB01708,Prasterone,C19H28O2,5,-8.4,-8.4,84.8,"M1, M2, M3, M4, M5"
DB08801,Dimetindene,C20H24N2,5,-8.4,-8.4,88.4,"M1, M2, M3, M4, M5"
DB00972,Azelastine,C22H24ClN3O,4,-9.675,-9.9,9.5,"EM1, M1, M3, M5"
DB00210,Adapalene,C28H28O3,4,-9.425,-9.9,27.75,"EM1, EM2, EM3, M5"
DB12887,Tazemetostat,C34H44N4O4,4,-9.35,-9.4,17.75,"EM1, M1, M3, M4"
DB00496,Darifenacin,C28H30N2O2,4,-9.275,-9.8,30.25,"EM1, EM2, EM3, M2"
DB00984,Nandrolone phenpropionate,C27H34O3,4,-9.275,-9.3,24.5,"EM1, EM2, EM3, M2"
DB08907,Canagliflozin,C24H25FO5S,4,-9.25,-9.3,17.5,"M1, M3, M4, M5"
DB00673,Aprepitant,C23H21F7N4O3,4,-9.1,-9.4,34.75,"EM1, EM3, M1, M3"
DB09053,Ibrutinib,C25H24N6O2,4,-9.1,-9.2,36,"EM2, EM3, M1, M4"
DB01251,Gliquidone,C27H33N3O6S,4,-9.025,-9.3,47,"EM1, EM2, EM3, M3"
DB00910,Paricalcitol,C27H44O3,4,-9,-9,28.5,"M1, M2, M3, M4"
DB13954,Estradiol cypionate,C26H36O3,4,-8.9,-9.1,56.25,"EM1, EM2, EM3, M2"
DB00246,Ziprasidone,C21H21ClN4OS,4,-8.875,-9.4,52.25,"EM2, M3, M4, M5"
DB01126,Dutasteride,C27H30F6N2O2,4,-8.875,-9.2,51.25,"EM1, EM3, M4, M5"
DB04835,Maraviroc,C29H41F2N5O,4,-8.825,-9.3,67.75,"EM1, EM2, EM3, M4"
DB09335,Alatrofloxacin,C26H25F3N6O5,4,-8.775,-8.9,67.5,"EM1, EM3, M3, M5"
DB00377,Palonosetron,C19H24N2O,4,-8.7,-8.8,81.75,"EM1, EM2, EM3, M1"
DB00502,Haloperidol,C21H23ClFNO2,4,-8.7,-8.7,55,"M1, M3, M4, M5"
DB13874,Enasidenib,C19H17F6N7O,4,-8.7,-9.1,69.5,"EM1, EM3, M2, M5"
DB00637,Astemizole,C28H31FN4O,4,-8.65,-8.8,66,"EM2, M1, M2, M5"
DB12364,Betrixaban,C23H22ClN5O3,4,-8.65,-9.2,66.75,"EM2, EM3, M3, M4"
DB11943,Delafloxacin,C18H12ClF3N4O4,4,-8.6,-8.6,66,"M1, M2, M3, M5"
DB12867,Benperidol,C22H24FN3O2,4,-8.55,-8.7,84,"EM1, EM3, M1, M2"
DB06077,Lumateperone,C24H28FN3O,4,-8.525,-9.1,64.75,"EM1, M2, M3, M4"
DB00459,Acitretin,C21H26O3,4,-8.5,-8.5,80,"M1, M2, M3, M5"
DB09038,Empagliflozin,C23H27ClO7,4,-8.5,-8.5,73,"M1, M2, M4, M5"
DB11263,Polydatin,C20H22O8,4,-8.4,-8.5,81,"M1, M2, M3, M5"
DB12877,Oxatomide,C27H30N4O,4,-8.4,-8.4,89.5,"EM2, M1, M2, M5"
DB00820,Tadalafil,C22H19N3O4,3,-10.2,-10.2,1.666666667,"M2, M3, M4"
DB00694,Daunorubicin,C27H29NO10,3,-9.3,-9.3,26.66666667,"EM1, EM2, EM3"
DB09319,Carindacillin,C26H26N2O6S,3,-9.3,-9.4,31.33333333,"EM1, EM2, EM3"
DB13345,Dihydroergocristine,C35H41N5O5,3,-9.3,-10,25.66666667,"EM1, M1, M3"
DB14583,Segesterone acetate,C23H30O4,3,-9.2,-9.2,37,"EM1, EM2, EM3"
DB08930,Dolutegravir,C20H19F2N3O5,3,-9.166666667,-9.2,38.66666667,"EM1, EM2, EM3"
DB01026,Ketoconazole,C26H28Cl2N4O4,3,-9,-9,54,"EM1, EM2, EM3"
DB08911,Trametinib,C26H23FIN5O4,3,-9,-9.4,61.33333333,"EM1, EM3, M5"
DB12332,Rucaparib,C19H18FN3O,3,-8.966666667,-9.1,56.66666667,"EM1, EM3, M1"
DB01501,Difenoxin,C28H28N2O2,3,-8.9,-8.9,66.33333333,"EM1, EM2, EM3"
DB02789,Pregnenolone,C21H32O2,3,-8.9,-8.9,66,"EM1, EM2, EM3"
DB12792,Boscalid,C18H12Cl2N2O,3,-8.9,-8.9,63.66666667,"EM1, EM2, EM3"
DB13136,Fluindione,C15H9FO2,3,-8.9,-8.9,64.33333333,"EM1, EM2, EM3"
DB11637,Delamanid,C25H25F3N4O6,3,-8.833333333,-8.9,40.33333333,"M2, M4, M5"
DB11859,Brexanolone,C21H34O2,3,-8.833333333,-8.9,76,"EM1, EM2, EM3"
DB00251,Terconazole,C26H31Cl2N5O3,3,-8.8,-8.8,80.33333333,"EM1, EM2, EM3"
DB00966,Telmisartan,C33H30N4O2,3,-8.766666667,-8.8,45.66666667,"M3, M4, M5"
DB04115,Berberine,C20H18NO4,3,-8.766666667,-8.9,67,"EM2, EM3, M3"
DB13246,Quinupramine,C21H24N2,3,-8.766666667,-8.8,81,"EM1, EM2, EM3"
DB01619,Phenindamine,C19H19N,3,-8.7,-8.7,51.66666667,"M1, M2, M5"
DB09073,Palbociclib,C24H29N7O2,3,-8.7,-9.2,75.66666667,"EM1, EM2, M4"
DB00321,Amitriptyline,C20H23N,3,-8.6,-8.6,71,"M1, M4, M5"
DB01012,Cinacalcet,C22H22F3N,3,-8.6,-8.6,60,"M1, M2, M3"
DB12371,Siponimod,C29H35F3N2O3,3,-8.6,-8.6,64,"M1, M3, M4"
DB08881,Vemurafenib,C23H18ClF2N3O3S,3,-8.566666667,-8.6,72.33333333,"M1, M4, M5"
DB00843,Donepezil,C24H29NO3,3,-8.533333333,-8.6,69,"M1, M2, M5"
DB01228,Encainide,C22H28N2O2,3,-8.5,-8.5,78.33333333,"M1, M2, M4"
DB00146,Calcifediol,C27H44O2,3,-8.466666667,-8.8,75,"M1, M2, M3"
DB01106,Levocabastine,C26H29FN2O2,3,-8.466666667,-8.7,71,"EM2, M1, M3"
DB04918,Ceftobiprole,C20H22N8O6S2,3,-8.466666667,-8.5,79,"M1, M2, M5"
DB06155,Rimonabant,C22H21Cl3N4O,3,-8.466666667,-8.5,84,"EM2, M3, M4"
DB11363,Alectinib,C30H34N4O2,3,-8.466666667,-9,54.33333333,"M1, M4, M5"
DB11901,Apalutamide,C21H15F4N5O2S,3,-8.466666667,-8.7,72.33333333,"M1, M3, M5"
DB06292,Dapagliflozin,C21H25ClO6,3,-8.433333333,-8.5,77.33333333,"M2, M3, M4"
DB06603,Panobinostat,C21H23N3O2,3,-8.4,-8.7,81,"M1, M2, M4"
DB00997,Doxorubicin,C27H29NO11,3,-8.2,-8.9,86.66666667,"EM3, M4, M5"
DB12523,Mizolastine,C24H25FN6O,3,-8.033333333,-8.8,93.66666667,"EM3, M3, M5"
DB00872,Conivaptan,C32H26N4O2,2,-10.35,-10.4,1,"EM2, EM3"
DB11636,Nomegestrol,C21H28O3,2,-9.9,-9.9,5.5,"EM1, EM2"
DB12329,Eravacycline,C27H31FN4O8,2,-9.65,-9.7,15,"EM1, EM2"
DB00845,Clofazimine,C27H22Cl2N4,2,-9.6,-9.6,9.5,"M1, M4"
DB09030,Vorapaxar,C29H33FN2O4,2,-9.6,-9.6,10,"M1, M3"
DB11952,Duvelisib,C22H17ClN6O,2,-9.45,-9.5,20,"EM2, EM3"
DB13956,Estradiol valerate,C23H32O3,2,-9.45,-9.5,19.5,"EM1, EM3"
DB00471,Montelukast,C35H36ClNO3S,2,-9.4,-9.4,10,"M1, M2"
DB01420,Testosterone propionate,C22H32O3,2,-9.3,-9.3,30,"EM1, EM3"
DB01216,Finasteride,C23H36N2O2,2,-9.2,-9.2,37,"EM2, EM3"
DB06626,Axitinib,C22H18N4OS,2,-9.15,-9.2,41.5,"EM2, EM3"
DB11652,Tucatinib,C26H24N8O2,2,-9.15,-9.2,24,"M1, M3"
DB13943,Testosterone cypionate,C27H40O3,2,-9.15,-9.2,43.5,"EM2, EM3"
DB01410,Ciclesonide,C32H44O7,2,-9.1,-9.1,47.5,"EM1, EM3"
DB06816,Pyrvinium,C26H28N3,2,-9.1,-9.1,29,"M1, M5"
DB01029,Irbesartan,C25H28N6O,2,-9,-9,55,"EM1, EM2"
DB06589,Pazopanib,C21H23N7O2S,2,-9,-9.3,50,"EM2, M1"
DB12924,Ozenoxacin,C21H21N3O3,2,-9,-9,50.5,"EM1, EM2"
DB01337,Pancuronium,C35H60N2O4,2,-8.95,-9,36,"M4, M5"
DB00222,Glimepiride,C24H34N4O5S,2,-8.85,-8.9,79,"EM1, EM3"
DB09054,Idelalisib,C22H18FN7O,2,-8.85,-8.9,75.5,"EM1, EM2"
DB13074,Macimorelin,C26H30N6O3,2,-8.85,-9.1,56,"EM1, M5"
DB00591,Fluocinolone acetonide,C24H30F2O6,2,-8.8,-8.8,78,"EM1, EM2"
DB00635,Prednisone,C21H26O5,2,-8.8,-8.8,82,"EM1, EM2"
DB01184,Domperidone,C22H24ClN5O2,2,-8.8,-8.8,75,"EM1, EM2"
DB11732,Lasmiditan,C19H18F3N3O2,2,-8.8,-8.8,84,"EM2, EM3"
DB00353,Methylergometrine,C20H25N3O2,2,-8.7,-8.7,91.5,"EM2, EM3"
DB00354,Buclizine,C28H33ClN2,2,-8.7,-8.7,50.5,"M1, M2"
DB00421,Spironolactone,C24H32O4S,2,-8.7,-8.7,91.5,"EM2, EM3"
DB00436,Bendroflumethiazide,C15H14F3N3O4S2,2,-8.7,-8.7,90.5,"EM2, EM3"
DB00547,Desoximetasone,C22H29FO4,2,-8.7,-8.7,93,"EM1, EM3"
DB00603,Medroxyprogesterone acetate,C24H34O4,2,-8.7,-8.7,92.5,"EM2, EM3"
DB00624,Testosterone,C19H28O2,2,-8.7,-8.7,90.5,"EM1, EM2"
DB04841,Flunarizine,C26H26F2N2,2,-8.7,-8.7,57,"M1, M5"
DB06710,Methyltestosterone,C20H30O2,2,-8.7,-8.7,94.5,"EM1, EM2"
DB14753,Hydroxystilbamidine,C16H16N4O,2,-8.7,-8.7,54.5,"M3, M4"
DB06595,Midostaurin,C35H30N4O4,2,-8.6,-10,52.5,"EM1, M3"
DB00169,Cholecalciferol,C27H44O,2,-8.5,-8.5,73.5,"M3, M4"
DB00247,Methysergide,C21H27N3O2,2,-8.5,-8.7,88.5,"EM2, M2"
DB00759,Tetracycline,C22H24N2O8,2,-8.5,-8.5,65,"M2, M3"
DB05039,Indacaterol,C24H28N2O3,2,-8.5,-8.5,77,"M4, M5"
DB11827,Ertugliflozin,C22H25ClO7,2,-8.5,-8.6,77,"M3, M4"
DB00197,Troglitazone,C24H27NO5S,2,-8.45,-8.5,82,"M3, M4"
DB00358,Mefloquine,C17H16F6N2O,2,-8.4,-8.4,81.5,"M2, M4"
DB00543,Amoxapine,C17H16ClN3O,2,-8.4,-8.4,89,"M3, M4"
DB06212,Tolvaptan,C26H25ClN2O3,2,-8.4,-8.4,84.5,"M2, M3"
DB11855,Revefenacin,C35H43N5O4,2,-8.4,-8.6,78.5,"EM3, M4"
DB00540,Nortriptyline,C19H21N,2,-8.35,-8.4,92,"M2, M4"
DB00875,Flupentixol,C23H25F3N2OS,2,-8.35,-8.4,86.5,"M2, M5"
DB11915,Valbenazine,C24H38N2O4,2,-8.35,-8.4,87.5,"M2, M4"
DB08931,Riociguat,C20H19FN8O2,2,-8.35,-8.5,80,"EM3, M2"
DB00737,Meclizine,C25H27ClN2,2,-8.3,-8.3,93.5,"M2, M3"
DB13225,Dibenzepin,C18H21N3O,2,-8.3,-8.3,90.5,"M2, M4"
DB08822,Azilsartan medoxomil,C30H24N4O8,2,-8.05,-8.4,94,"M3, M4"
DB13931,Netarsudil,C28H27N3O3,2,-8.05,-8.3,94,"M2, M5"
DB06780,Desoxycorticosterone acetate,C23H32O4,1,-9.8,-9.8,7,EM1
DB14655,Drostanolone propionate,C23H36O3,1,-9.7,-9.7,9,EM3
DB12457,Rimegepant,C28H28F2N6O3,1,-9.6,-9.6,15,EM2
DB00445,Epirubicin,C27H29NO11,1,-9.3,-9.3,28,EM3
DB00320,Dihydroergotamine,C33H37N5O5,1,-9.2,-9.2,33,EM1
DB00396,Progesterone,C21H30O2,1,-9.2,-9.2,35,EM1
DB00378,Dydrogesterone,C21H28O2,1,-9.1,-9.1,43,EM1
DB08912,Dabrafenib,C23H20F3N5O2S2,1,-9.1,-9.1,49,EM3
DB09079,Nintedanib,C31H33N5O4,1,-9.1,-9.1,33,M1
DB00288,Amcinonide,C28H35FO7,1,-9,-9,56,EM1
DB06718,Stanozolol,C21H32N2O,1,-9,-9,53,EM3
DB00408,Loxapine,C18H18ClN3O,1,-8.9,-8.9,39,M3
DB00481,Raloxifene,C28H27NO4S,1,-8.9,-8.9,24,M2
DB00950,Fexofenadine,C32H39NO4,1,-8.9,-8.9,37,M5
DB13944,Testosterone enanthate,C26H40O3,1,-8.9,-8.9,67,EM2
DB14840,Ripretinib,C24H21BrFN5O2,1,-8.9,-8.9,25,M2
DB00434,Cyproheptadine,C21H21N,1,-8.8,-8.8,32,M2
DB00699,Nicergoline,C24H26BrN3O3,1,-8.8,-8.8,82,EM1
DB00757,Dolasetron,C19H20N2O3,1,-8.8,-8.8,75,EM2
DB00973,Ezetimibe,C24H21F2NO3,1,-8.8,-8.8,45,M5
DB01047,Fluocinonide,C26H32F2O7,1,-8.8,-8.8,88,EM1
DB01259,Lapatinib,C29H26ClFN4O4S,1,-8.8,-8.8,79,EM2
DB08973,Fluclorolone acetonide,C24H29Cl2FO5,1,-8.8,-8.8,74,EM2
DB00303,Ertapenem,C22H25N3O7S,1,-8.7,-8.7,53,M4
DB00398,Sorafenib,C21H16ClF3N4O3,1,-8.7,-8.7,55,M5
DB01357,Mestranol,C21H26O2,1,-8.7,-8.7,94,EM3
DB01591,Solifenacin,C23H26N2O2,1,-8.7,-8.7,95,EM1
DB04038,Ergosterol,C28H44O,1,-8.7,-8.7,93,EM1
DB06766,Alcaftadine,C19H21N3O,1,-8.7,-8.7,90,EM2
DB07776,Flavone,C15H10O2,1,-8.7,-8.7,91,EM2
DB08827,Lomitapide,C39H37F6N3O2,1,-8.7,-8.7,86,EM2
DB11262,Bisoctrizole,C41H50N6O2,1,-8.6,-8.6,63,M4
DB00342,Terfenadine,C32H41NO2,1,-8.5,-8.5,84,M4
DB09078,Lenvatinib,C21H19ClN4O4,1,-8.5,-8.5,66,M2
DB00276,Amsacrine,C21H19N3O3S,1,-8.4,-8.4,74,M2
DB00948,Mezlocillin,C21H25N5O8S2,1,-8.4,-8.4,94,M1
DB11979,Elagolix,C32H30F5N3O5,1,-8.4,-8.4,98,EM3
DB12808,Trifarotene,C29H33NO4,1,-8.4,-8.4,80,M2
DB00324,Fluorometholone,C22H29FO4,1,-8.3,-8.3,83,M2
DB05239,Cobimetinib,C21H21F3IN3O2,1,-8.3,-8.3,93,M3
DB08950,Indoramin,C22H25N3O,1,-8.3,-8.3,91,M2
DB09042,Tedizolid phosphate,C17H16FN6O6P,1,-8.3,-8.3,92,M2
DB09080,Olodaterol,C21H26N2O5,1,-8.3,-8.3,92,M3
DB06827,Viomycin,C25H43N13O10,1,-8.2,-8.2,97,M1
DB08896,Regorafenib,C21H15ClF4N4O3,1,-8.2,-8.2,95,M2
DB12095,Telotristat ethyl,C27H26ClF3N6O3,1,-8.2,-8.2,95,M3
DB08865,Crizotinib,C21H22Cl2FN5O,1,-8.1,-8.1,96,M2
DB04930,Permethrin,C21H20Cl2O3,1,-7.9,-7.9,97,M3
DB06401,Bazedoxifene,C30H34N2O3,1,-7.9,-7.9,98,M5
DB06412,Oxymetholone,C21H32O3,1,-7.8,-7.8,99,EM1
DB08901,Ponatinib,C29H27F3N6O,1,-7.8,-7.8,97,M2
DB00762,Irinotecan,C33H38N4O6,1,-7.7,-7.7,100,EM2
DB00549,Zafirlukast,C31H33N3O6S,1,-7.5,-7.5,100,M3
DB14019,Fosnetupitant,C31H35F6N4O5P,1,-7.3,-7.3,99,M2
DB05521,Telaprevir,C36H53N7O6,1,-6.9,-6.9,100,M2
